RESNR,RESTYPE,RESCHAIN,RESNR_LIG,RESTYPE_LIG,RESCHAIN_LIG,DIST,LIGCARBONIDX,PROTCARBONIDX,LIGCOO,PROTCOO,BOND,SIDECHAIN,DIST_H-A,DIST_D-A,DON_ANGLE,PROTISDON,DONORIDX,DONORTYPE,ACCEPTORIDX,ACCEPTORTYPE,PROT_IDX_LIST,PROTISPOS,LIG_GROUP,LIG_IDX_LIST,CENTDIST,ANGLE,OFFSET,TYPE
89,VAL,A,1,UNL,A,3.75,4521.0,457.0,"(8.33, 12.636, 26.359)","(7.968, 11.863, 22.712)",HYDROPHOBIC,,,,,,,,,,,,,,,,,
116,TYR,A,1,UNL,A,3.61,4527.0,688.0,"(4.205, 14.196, 27.561)","(6.23, 13.883, 30.535)",HYDROPHOBIC,,,,,,,,,,,,,,,,,
89,VAL,A,1,UNL,A,3.88,4520.0,456.0,"(8.859, 14.977, 26.546)","(7.205, 14.196, 23.126)",HYDROPHOBIC,,,,,,,,,,,,,,,,,
89,VAL,A,1,UNL,A,3.40,4524.0,456.0,"(6.507, 14.276, 26.457)","(7.205, 14.196, 23.126)",HYDROPHOBIC,,,,,,,,,,,,,,,,,
93,LEU,A,1,UNL,A,3.69,4530.0,495.0,"(3.002, 15.489, 25.405)","(3.844, 18.492, 23.437)",HYDROPHOBIC,,,,,,,,,,,,,,,,,
100,TRP,A,1,UNL,A,3.56,4530.0,557.0,"(3.002, 15.489, 25.405)","(0.346, 17.468, 24.097)",HYDROPHOBIC,,,,,,,,,,,,,,,,,
113,ILE,A,1,UNL,A,3.58,4531.0,662.0,"(2.231, 15.106, 26.497)","(2.02, 17.88, 28.756)",HYDROPHOBIC,,,,,,,,,,,,,,,,,
525,GLU,A,1,UNL,A,3.15,,,"(12.208, 14.564, 24.84)","(13.965, 16.294, 22.875)",HBOND,True,2.41,3.15,133.35,False,4534.0,O.co2,4076.0,O2,,,,,,,,
121,ARG,A,1,UNL,A,4.33,,,"(11.629000000000001, 13.686499999999999, 24.489)","(13.132666666666667, 17.390333333333334, 26.157333333333337)",SALTBRIDGE,,,,,,,,,,"728,730,731",True,Carboxylate,"4533,4534",,,,
116,TYR,A,1,UNL,A,5.01,,,"(7.908666666666666, 13.962333333333333, 26.453833333333332)","(6.738500000000001, 12.782000000000002, 31.180166666666665)",PISTACKING,,,,,,,,,,"686,687,688,689,690,691",,,"4519,4520,4521,4522,4523,4524",5.01,79.97,1.37,T
