Resid 1,Resid 2,Internal,Unnamed: 3,Unnamed: 4,van der Waals,Unnamed: 6,Unnamed: 7,Electrostatic,Unnamed: 9,Unnamed: 10,Polar Solvation,Unnamed: 12,Unnamed: 13,Non-Polar Solv.,Unnamed: 15,Unnamed: 16,TOTAL,Unnamed: 18,Unnamed: 19
,,Avg.,Std. Dev.,Std. Err. of Mean,Avg.,Std. Dev.,Std. Err. of Mean,Avg.,Std. Dev.,Std. Err. of Mean,Avg.,Std. Dev.,Std. Err. of Mean,Avg.,Std. Dev.,Std. Err. of Mean,,,
ARG  89,ARG  89,0.0,0.0,0.0,0.0,0.0,0.0,0.0,0.0,0.0,0.26460799999999907,0.0,0.0,0.0,0.0,0.0,0.264607999999999,0.0,0.0
ARG  89,TYR 324,0.0,0.0,0.0,0.0,0.0,0.0,0.0,0.0,0.0,0.002471000000000001,0.0,0.0,0.0,0.0,0.0,0.002471,0.0,0.0
ARG  89,LIG 552,0.0,0.0,0.0,-0.023484,0.0,0.0,-5.963978,0.0,0.0,5.558011,0.0,0.0,0.0,0.0,0.0,-0.4294510000000002,0.0,0.0
TYR 324,ARG  89,0.0,0.0,0.0,0.0,0.0,0.0,0.0,0.0,0.0,0.005507999999999999,0.0,0.0,0.0,0.0,0.0,0.0055079999999999,0.0,0.0
TYR 324,TYR 324,0.0,0.0,0.0,0.0,0.0,0.0,0.0,0.0,0.0,0.0013649999999998386,0.0,0.0,0.0,0.0,0.0,0.0013649999999998,0.0,0.0
TYR 324,LIG 552,0.0,0.0,0.0,-0.030944,0.0,0.0,-0.151198,0.0,0.0,0.103681,0.0,0.0,0.0,0.0,0.0,-0.078461,0.0,0.0
LIG 552,ARG  89,0.0,0.0,0.0,0.0,0.0,0.0,0.0,0.0,0.0,0.0,0.0,0.0,0.0,0.0,0.0,0.0,0.0,0.0
LIG 552,TYR 324,0.0,0.0,0.0,0.0,0.0,0.0,0.0,0.0,0.0,0.0,0.0,0.0,0.0,0.0,0.0,0.0,0.0,0.0
LIG 552,LIG 552,0.0,0.0,0.0,0.0,0.0,0.0,0.0,0.0,0.0,0.0,0.0,0.0,0.0,0.0,0.0,0.0,0.0,0.0
