RESNR,RESTYPE,RESCHAIN,RESNR_LIG,RESTYPE_LIG,RESCHAIN_LIG,DIST,LIGCARBONIDX,PROTCARBONIDX,LIGCOO,PROTCOO,BOND,SIDECHAIN,DIST_H-A,DIST_D-A,DON_ANGLE,PROTISDON,DONORIDX,DONORTYPE,ACCEPTORIDX,ACCEPTORTYPE,PROT_IDX_LIST,PROTISPOS,LIG_GROUP,LIG_IDX_LIST,OFFSET,PROTCHARGED
86,PRO,A,1,UNL,A,3.59,4517.0,434.0,"(12.276, 12.887, 24.281)","(14.493, 11.994, 21.608)",HYDROPHOBIC,,,,,,,,,,,,,,,
86,PRO,A,1,UNL,A,3.84,4518.0,433.0,"(11.416, 13.883, 23.826)","(13.747, 13.075, 20.881)",HYDROPHOBIC,,,,,,,,,,,,,,,
89,VAL,A,1,UNL,A,3.93,4518.0,455.0,"(11.416, 13.883, 23.826)","(7.917, 13.283, 22.143)",HYDROPHOBIC,,,,,,,,,,,,,,,
116,TYR,A,1,UNL,A,3.90,4535.0,690.0,"(6.008, 14.404, 26.343)","(6.989, 12.973, 29.831)",HYDROPHOBIC,,,,,,,,,,,,,,,
117,VAL,A,1,UNL,A,3.39,4533.0,699.0,"(6.463, 16.772, 26.39)","(6.377, 18.821, 29.094)",HYDROPHOBIC,,,,,,,,,,,,,,,
89,VAL,A,1,UNL,A,3.44,4535.0,456.0,"(6.008, 14.404, 26.343)","(7.205, 14.196, 23.126)",HYDROPHOBIC,,,,,,,,,,,,,,,
93,LEU,A,1,UNL,A,3.51,4533.0,494.0,"(6.463, 16.772, 26.39)","(6.227, 17.881, 23.073)",HYDROPHOBIC,,,,,,,,,,,,,,,
120,SER,A,1,UNL,A,3.93,,,"(9.66, 14.861, 27.0)","(10.113, 14.967, 30.905)",HBOND,True,3.22,3.93,131.93,True,720.0,O3,4528.0,Npl,,,,,,
120,SER,A,1,UNL,A,2.94,,,"(13.339, 12.616, 29.751)","(13.837, 14.425, 32.02)",HBOND,False,2.19,2.94,134.20,False,4526.0,O.co2,718.0,O2,,,,,,
120,SER,A,1,UNL,A,3.93,,,"(9.66, 14.861, 27.0)","(10.113, 14.967, 30.905)",HBOND,True,3.06,3.93,143.70,False,4528.0,Npl,720.0,O3,,,,,,
121,ARG,A,1,UNL,A,4.87,,,"(13.2475, 13.512, 29.1075)","(13.132666666666667, 17.390333333333334, 26.157333333333337)",SALTBRIDGE,,,,,,,,,,"728,730,731",True,Carboxylate,"4525,4526",,
121,ARG,A,1,UNL,A,4.33,,,"(11.4225, 13.536833333333332, 25.182333333333332)","(13.132666666666667, 17.390333333333334, 26.157333333333337)",PICATION,,,,,,,,,,"728,730,731",,Aromatic,"4517,4518,4519,4520,4521,4522",1.58,True
