RESNR,RESTYPE,RESCHAIN,RESNR_LIG,RESTYPE_LIG,RESCHAIN_LIG,DIST,LIGCARBONIDX,PROTCARBONIDX,LIGCOO,PROTCOO,BOND,SIDECHAIN,DIST_H-A,DIST_D-A,DON_ANGLE,PROTISDON,DONORIDX,DONORTYPE,ACCEPTORIDX,ACCEPTORTYPE,PROT_IDX_LIST,PROTISPOS,LIG_GROUP,LIG_IDX_LIST
350,VAL,A,1,UNL,A,3.59,4525.0,2617.0,"(9.964, 23.114, 25.629)","(10.587, 26.547, 26.472)",HYDROPHOBIC,,,,,,,,,,,,,
353,LEU,A,1,UNL,A,3.61,4520.0,2642.0,"(14.125, 24.99, 21.839)","(12.418, 28.143, 21.455)",HYDROPHOBIC,,,,,,,,,,,,,
353,LEU,A,1,UNL,A,3.85,4521.0,2644.0,"(14.624, 25.227, 23.116)","(14.611, 28.989, 22.313)",HYDROPHOBIC,,,,,,,,,,,,,
356,TYR,A,1,UNL,A,3.51,4525.0,2665.0,"(9.964, 23.114, 25.629)","(7.8, 21.208, 23.627)",HYDROPHOBIC,,,,,,,,,,,,,
519,PHE,A,1,UNL,A,3.65,4520.0,4031.0,"(14.125, 24.99, 21.839)","(16.597, 26.374, 19.54)",HYDROPHOBIC,,,,,,,,,,,,,
524,VAL,A,1,UNL,A,3.68,4518.0,4066.0,"(12.46, 23.513, 22.759)","(14.109, 20.306, 22.046)",HYDROPHOBIC,,,,,,,,,,,,,
524,VAL,A,1,UNL,A,3.79,4519.0,4067.0,"(13.048, 24.133, 21.66)","(15.031, 21.363, 19.998)",HYDROPHOBIC,,,,,,,,,,,,,
531,SER,A,1,UNL,A,2.90,,,"(15.873, 25.18, 25.643)","(17.248, 25.839, 28.107)",HBOND,True,2.06,2.90,144.00,True,4117.0,O3,4528.0,O.co2,,,,
531,SER,A,1,UNL,A,3.62,,,"(14.0, 24.986, 26.767)","(17.248, 25.839, 28.107)",HBOND,True,3.00,3.62,123.24,False,4529.0,O.co2,4117.0,O3,,,,
121,ARG,A,1,UNL,A,5.09,,,"(11.784, 22.1735, 25.073999999999998)","(13.132666666666667, 17.390333333333334, 26.157333333333337)",SALTBRIDGE,,,,,,,,,,"728,730,731",True,Carboxylate,"4523,4526"
